Metric,Score
Accuracy,0.8729016786570744
Precision,0.8718176167898832
Recall,0.8729016786570744
F1-Score,0.8702786880950233
