Metric,Score
Loss,0.22533898055553436
Accuracy,0.9640287769784173
Precision,0.9647188056006807
Recall,0.9640287769784173
F1-Score,0.9623250683633209
