Model,Accuracy,Precision,Recall,F1-Score
BiLSTM,0.8729016786570744,0.8718176167898832,0.8729016786570744,0.8702786880950233
IndoBERT,0.9640287769784172,0.9647188056006808,0.9640287769784172,0.9623250683633208
